City_ID,City,Country,Lat,Lng,Max Temp,Humidity,Cloudiness,Wind Speed,Current Description
0,Torbay,CA,47.67,-52.73,43.0,48,40,17.22,scattered clouds
1,Halifax,CA,44.65,-63.57,51.01,66,37,20.8,scattered clouds
2,Arlit,NE,18.74,7.39,82.0,17,78,18.84,broken clouds
3,Kalmunai,LK,7.42,81.82,81.45,72,57,4.83,broken clouds
4,Cherskiy,RU,68.75,161.3,7.23,95,98,8.52,overcast clouds
5,Coihaique,CL,-45.58,-72.07,77.0,23,0,4.7,clear sky
6,Ushuaia,AR,-54.8,-68.3,59.0,54,75,4.7,light rain
7,Krasnoselkup,RU,65.7,82.47,28.26,98,98,17.65,overcast clouds
8,Severo-Kurilsk,RU,50.68,156.12,40.5,76,1,3.33,clear sky
9,Longyearbyen,SJ,78.22,15.64,32.0,93,40,24.16,scattered clouds
10,Barrow,US,71.29,-156.79,28.4,74,75,17.22,snow
11,Hobyo,SO,5.35,48.53,81.34,75,1,8.95,clear sky
12,Svetlyy,RU,54.67,20.13,46.4,81,75,11.18,broken clouds
13,Poya,NC,-21.35,165.15,72.0,80,0,6.58,clear sky
14,Presidente Medici,BR,-11.18,-61.9,94.48,36,50,3.96,scattered clouds
15,Atuona,PF,-9.8,-139.03,77.85,79,22,16.2,light rain
16,Mahebourg,MU,-20.41,57.7,71.6,64,40,10.29,scattered clouds
17,Bathsheba,BB,13.22,-59.52,86.0,74,40,21.92,shower rain
18,Hualmay,PE,-11.1,-77.61,69.3,63,34,10.31,scattered clouds
19,Narsaq,GL,60.92,-46.05,26.6,68,33,4.7,scattered clouds
20,Saskylakh,RU,71.92,114.08,-10.8,87,77,10.02,broken clouds
21,Jijiga,ET,9.35,42.8,62.64,69,0,12.21,clear sky
22,East London,ZA,-33.02,27.91,62.6,88,75,11.41,broken clouds
23,Rikitea,PF,-23.12,-134.97,74.93,84,42,15.64,light rain
24,Hithadhoo,MV,-0.6,73.08,83.43,73,100,11.63,moderate rain
25,Bredasdorp,ZA,-34.53,20.04,64.4,88,0,8.05,clear sky
26,Tiznit,MA,29.58,-9.5,74.16,26,0,2.71,clear sky
27,Sinnamary,GF,5.38,-52.95,85.35,67,100,11.41,light rain
28,Thompson,CA,55.74,-97.86,19.4,85,90,10.29,light snow
29,Albany,US,42.6,-73.97,48.99,73,99,3.0,overcast clouds
30,Ponta Do Sol,PT,32.67,-17.1,71.01,88,20,6.93,few clouds
31,Puerto Ayora,EC,-0.74,-90.35,78.8,69,75,20.8,broken clouds
32,Hamilton,US,39.18,-84.53,52.0,29,40,25.28,scattered clouds
33,Viedma,AR,-40.81,-63.0,86.0,19,0,5.01,clear sky
34,San Carlos,VE,9.66,-68.58,81.39,87,96,2.46,moderate rain
35,New Norfolk,AU,-42.78,147.06,53.01,76,99,1.63,overcast clouds
36,Najran,SA,17.49,44.13,68.0,24,0,8.05,clear sky
37,Saldanha,ZA,-33.01,17.94,78.8,24,0,6.93,clear sky
38,Evensk,RU,61.95,159.23,20.73,92,40,6.22,scattered clouds
39,Bethel,US,41.37,-73.41,51.8,71,90,6.93,moderate rain
40,Vaini,TO,-21.2,-175.2,73.4,88,75,8.05,broken clouds
41,Linhares,BR,-19.39,-40.07,70.59,78,100,7.63,overcast clouds
42,Boras,SE,57.72,12.94,48.99,93,90,16.11,overcast clouds
43,Lata,PT,40.16,-8.33,66.99,89,85,2.01,overcast clouds
44,Avarua,CK,-21.21,-159.78,75.2,94,88,16.11,overcast clouds
45,Opotiki,NZ,-38.08,177.28,54.0,85,83,1.01,broken clouds
46,Ardakan,IR,32.31,54.02,62.6,17,0,4.7,clear sky
47,Mataura,NZ,-46.19,168.86,48.0,79,71,11.01,broken clouds
48,Fonte Boa,BR,-2.5,-66.27,86.54,58,64,5.59,broken clouds
49,Stony Plain,CA,53.53,-114.0,57.2,35,1,9.17,clear sky
50,Luderitz,NA,-26.65,15.16,68.11,46,15,13.29,few clouds
51,Te Anau,NZ,-45.42,167.72,39.7,87,99,1.68,overcast clouds
52,Fortuna,US,40.6,-124.16,60.8,63,1,3.2,clear sky
53,Broken Hill,AU,-31.95,141.43,60.8,59,0,5.82,clear sky
54,Nishihara,JP,26.18,127.76,71.6,73,20,7.2,few clouds
55,Nanganga,TZ,-10.38,39.15,74.66,79,82,7.61,broken clouds
56,Dikson,RU,73.51,80.55,21.16,98,98,7.63,overcast clouds
57,Busselton,AU,-33.65,115.33,53.01,95,90,6.78,overcast clouds
58,Quelimane,MZ,-17.88,36.89,77.0,88,20,3.36,few clouds
59,Port Alfred,ZA,-33.59,26.89,66.9,77,69,22.68,broken clouds
60,Jamestown,US,42.1,-79.24,46.0,93,90,13.87,mist
61,Tubuala,PA,9.52,-79.03,84.2,74,40,16.11,scattered clouds
62,Agutaya,PH,11.15,120.94,82.6,77,100,16.02,light rain
63,Harper,LR,4.38,-7.72,79.21,84,62,6.69,broken clouds
64,Punta Arenas,CL,-53.15,-70.92,55.4,66,75,14.99,broken clouds
65,Clarence Town,AU,-32.58,151.78,64.99,87,90,9.17,overcast clouds
66,Atlantis,ZA,-33.57,18.48,68.0,76,0,8.05,clear sky
67,Bairiki,KI,1.33,172.98,80.6,78,75,9.17,broken clouds
68,Klaksvik,FO,62.23,-6.59,44.6,93,74,8.05,light rain
69,Bengkulu,ID,-3.8,102.27,75.38,89,100,4.72,overcast clouds
70,Cottonwood,US,34.74,-112.01,80.01,15,57,0.65,broken clouds
71,Kodiak,US,57.79,-152.41,28.4,58,20,8.05,few clouds
72,Chimbote,PE,-9.09,-78.58,66.54,70,99,11.03,overcast clouds
73,Ribeira Grande,PT,38.52,-28.7,64.4,88,75,14.99,light intensity drizzle rain
74,Pevek,RU,69.7,170.31,15.64,89,98,14.18,overcast clouds
75,Auki,SB,-8.77,160.7,77.45,83,69,3.69,broken clouds
76,Mar Del Plata,AR,-38.0,-57.56,68.0,49,20,12.75,few clouds
77,Abbeville,FR,50.1,1.83,64.99,81,95,16.78,overcast clouds
78,Sao Joao Da Barra,BR,-21.64,-41.05,73.4,69,75,16.11,broken clouds
79,Atar,MR,20.52,-13.05,89.94,12,99,11.39,overcast clouds
80,Khonsa,IN,27.02,95.57,63.7,96,40,3.09,light rain
81,Atambua,ID,-9.11,124.89,75.29,79,69,2.84,broken clouds
82,Katsuura,JP,35.13,140.3,59.0,67,40,1.12,scattered clouds
83,College,US,64.86,-147.8,-0.99,75,20,3.36,few clouds
84,Ahipara,NZ,-35.17,173.17,60.08,93,77,5.75,broken clouds
85,Butaritari,KI,3.07,172.79,81.68,77,62,9.17,broken clouds
86,Constitucion,CL,-35.33,-72.42,60.91,70,60,8.08,broken clouds
87,Eatonton,US,33.33,-83.39,68.0,55,86,10.22,overcast clouds
88,Sirsa,IN,29.53,75.02,66.6,23,0,3.06,clear sky
89,Ponta Delgada,PT,37.73,-25.67,69.8,94,40,16.11,scattered clouds
90,Kapaa,US,22.08,-159.32,71.6,94,1,5.82,clear sky
91,Tiksi,RU,71.69,128.87,-6.83,90,0,7.27,clear sky
92,Aitape,PG,-3.14,142.35,78.57,81,99,4.23,heavy intensity rain
93,Bulgan,MN,48.81,103.53,20.28,87,0,1.86,clear sky
94,Hilo,US,19.73,-155.09,75.99,69,90,4.7,overcast clouds
95,Kaputa,ZM,-8.47,29.66,76.12,64,44,0.09,light rain
96,Castro,BR,-24.79,-50.01,67.62,56,66,8.28,light rain
97,Avera,US,33.19,-82.53,66.99,82,1,10.29,clear sky
98,Rawson,AR,-43.3,-65.1,88.14,13,0,8.3,clear sky
99,Zhangjiakou,CN,40.81,114.88,35.85,68,33,8.68,scattered clouds
100,Bluff,NZ,-46.6,168.33,48.0,79,78,11.01,broken clouds
101,Waipawa,NZ,-41.41,175.52,57.2,82,68,14.99,light rain
102,Richards Bay,ZA,-28.78,32.04,64.65,83,100,5.55,overcast clouds
103,Cururupu,BR,-1.83,-44.87,89.83,51,47,7.31,scattered clouds
104,Brae,GB,60.4,-1.35,48.2,70,82,12.75,moderate rain
105,Georgetown,MY,5.41,100.34,80.6,88,20,2.24,few clouds
106,Chapleau,CA,47.84,-83.4,28.4,86,90,14.99,overcast clouds
107,Alugan,PH,12.22,125.48,77.38,89,85,4.38,overcast clouds
108,Omboue,GA,-1.57,9.26,75.27,93,100,6.33,light rain
109,Rorvik,NO,64.86,11.24,53.6,71,0,17.22,light rain
110,Koungou,YT,-12.73,45.2,77.0,78,0,3.36,clear sky
111,Praia Da Vitoria,PT,38.73,-27.07,64.99,93,75,20.11,light intensity drizzle rain
112,Port Hardy,CA,50.7,-127.42,48.2,76,75,8.48,broken clouds
113,Port Blair,IN,11.67,92.75,80.58,78,51,3.11,broken clouds
114,Salalah,OM,17.02,54.09,80.6,65,0,3.36,clear sky
115,Olean,US,42.08,-78.43,46.4,100,90,9.17,light rain
116,Guerrero Negro,MX,27.98,-114.06,79.45,37,0,5.48,clear sky
117,Saint-Philippe,RE,-21.36,55.77,68.0,68,40,6.93,scattered clouds
118,Prince Rupert,CA,54.32,-130.32,53.6,87,90,20.8,overcast clouds
119,Husavik,IS,66.04,-17.34,39.2,55,75,9.17,broken clouds
120,Acapulco,MX,16.86,-99.89,86.5,60,36,5.55,scattered clouds
121,Port Elizabeth,ZA,-33.92,25.57,66.2,77,0,14.99,clear sky
122,Cabo San Lucas,MX,22.89,-109.91,88.0,54,3,1.99,clear sky
123,Nueva Granada,CO,9.8,-74.39,83.25,76,80,5.55,light rain
124,Hermanus,ZA,-34.42,19.23,64.99,78,0,8.01,clear sky
125,Lebu,CL,-37.62,-73.65,58.77,76,8,7.47,clear sky
126,Altamira,BR,-3.2,-52.21,93.2,46,75,8.05,broken clouds
127,Chuy,UY,-33.7,-53.46,66.2,46,0,10.04,clear sky
128,Lasa,IT,46.62,10.7,50.0,66,75,3.36,broken clouds
129,Tuktoyaktuk,CA,69.45,-133.04,3.2,84,75,5.82,broken clouds
130,Norman Wells,CA,65.28,-126.83,5.0,71,75,8.05,broken clouds
131,Taoudenni,ML,22.68,-3.98,83.44,15,41,5.48,scattered clouds
132,Rawlins,US,41.79,-107.24,53.6,25,1,20.8,clear sky
133,Hofn,IS,64.25,-15.21,41.0,56,20,16.11,few clouds
134,San Cristobal,VE,7.77,-72.22,84.2,62,40,4.7,scattered clouds
135,Beringovskiy,RU,63.05,179.32,22.93,96,100,4.59,overcast clouds
136,Leningradskiy,RU,69.38,178.42,13.62,82,63,5.91,broken clouds
137,Naousa,GR,40.63,22.05,60.01,61,26,2.04,scattered clouds
138,Norfolk,US,42.17,-71.25,50.0,66,75,6.93,broken clouds
139,Paamiut,GL,61.99,-49.67,26.55,93,70,4.94,broken clouds
140,Cabinda,AO,-5.55,12.2,78.67,85,72,9.37,broken clouds
141,Kruisfontein,ZA,-34.0,24.73,66.0,74,19,5.99,few clouds
142,Shimoda,JP,34.67,138.95,52.0,84,94,2.53,overcast clouds
143,Murray,US,40.67,-111.89,61.0,33,1,2.24,clear sky
144,Tuatapere,NZ,-46.13,167.68,48.0,79,51,11.01,broken clouds
145,Debre Zeyit,ET,8.75,38.98,62.6,59,40,11.41,scattered clouds
146,Provideniya,RU,64.38,-173.3,21.87,86,0,2.3,clear sky
147,Codrington,AU,-38.27,141.97,48.4,85,85,8.57,overcast clouds
148,Buraydah,SA,26.33,43.98,73.4,35,0,8.05,clear sky
149,Hobart,AU,-42.88,147.33,57.2,82,90,5.82,overcast clouds
150,Ilulissat,GL,69.22,-51.1,21.2,57,100,6.93,overcast clouds
151,Cape Town,ZA,-33.93,18.42,66.99,82,0,11.41,clear sky
152,Usinsk,RU,65.99,57.53,27.99,97,91,13.33,light snow
153,Chokurdakh,RU,70.63,147.92,0.57,94,100,10.27,overcast clouds
154,Koumac,NC,-20.57,164.28,73.71,81,3,5.01,clear sky
155,Arraial Do Cabo,BR,-22.97,-42.03,71.6,73,75,25.28,broken clouds
156,Sankheda,IN,22.17,73.58,74.86,39,1,4.18,clear sky
157,Lompoc,US,34.64,-120.46,75.2,28,1,3.36,clear sky
158,Hohhot,CN,40.81,111.65,30.2,39,0,6.71,clear sky
159,Tezu,IN,27.92,96.17,71.38,74,69,2.08,broken clouds
160,Buala,SB,-8.14,159.59,80.62,78,97,2.93,light rain
161,Krynychky,UA,48.38,34.47,50.0,93,75,11.18,light intensity shower rain
162,Carnarvon,AU,-24.87,113.63,68.0,64,40,19.46,scattered clouds
163,Ust-Koksa,RU,50.27,85.61,25.63,86,2,0.6,clear sky
164,Khatanga,RU,71.97,102.5,0.84,92,98,4.47,overcast clouds
165,Carmo Do Rio Claro,BR,-20.97,-46.12,74.5,59,83,6.22,light rain
166,Ancud,CL,-41.87,-73.82,70.0,52,0,5.82,clear sky
167,Darovskoy,RU,58.77,47.96,28.35,96,0,3.38,clear sky
168,Vardo,NO,70.37,31.11,39.2,86,75,28.86,broken clouds
169,Ishnya,RU,57.19,39.36,35.6,80,90,8.95,overcast clouds
170,Lamu,KE,-2.27,40.9,78.8,83,1,8.05,clear sky
171,Purpe,RU,64.48,76.69,27.1,98,84,20.02,broken clouds
172,Zhanaozen,KZ,43.3,52.8,60.51,27,2,13.76,clear sky
173,Pemangkat,ID,1.17,108.97,80.13,80,78,5.97,light rain
174,Teguldet,RU,57.31,88.17,33.82,91,100,12.06,overcast clouds
175,Naze,JP,28.37,129.48,71.6,94,75,3.36,broken clouds
176,Lavrentiya,RU,65.58,-171.0,21.76,89,0,4.65,clear sky
177,Chauk,MM,20.88,94.82,77.07,82,83,2.37,broken clouds
178,Kurilsk,RU,45.23,147.88,50.05,87,70,14.52,broken clouds
179,La Palma,US,33.85,-118.05,75.0,49,1,4.7,haze
180,Port Augusta,AU,-32.5,137.77,63.0,82,3,4.7,clear sky
181,Alofi,NU,-19.06,-169.92,73.4,94,56,11.41,broken clouds
182,Boa Vista,BR,2.82,-60.67,82.4,69,75,16.11,shower rain
183,Shirokiy,RU,49.76,129.52,27.48,98,100,7.02,overcast clouds
184,Jiangyou,CN,31.77,104.72,55.76,59,30,0.76,light rain
185,Sao Filipe,CV,14.9,-24.5,80.08,72,0,10.51,clear sky
186,Carutapera,BR,-1.2,-46.02,87.26,57,47,9.06,scattered clouds
187,Longview,US,32.5,-94.74,71.6,35,1,11.41,clear sky
188,North Platte,US,41.12,-100.77,51.8,29,1,9.17,clear sky
189,Buchanan,LR,5.88,-10.05,79.7,85,53,7.61,light rain
190,Tasiilaq,GL,65.61,-37.64,32.0,96,100,1.12,overcast clouds
191,Faanui,PF,-16.48,-151.75,79.21,81,68,20.94,broken clouds
192,Kargasok,RU,59.06,80.86,33.89,97,100,11.48,overcast clouds
193,Panji,ID,-7.73,114.1,75.96,82,55,3.94,moderate rain
194,Gao,ML,16.64,1.64,85.19,14,59,11.92,broken clouds
195,Paraiso,CR,9.84,-83.87,78.8,69,40,4.7,scattered clouds
196,Eskil,TR,38.4,33.41,52.38,60,6,10.33,clear sky
197,Cidreira,BR,-30.18,-50.21,66.6,63,25,10.18,scattered clouds
198,Paracuru,BR,-3.41,-39.03,82.0,76,33,21.0,scattered clouds
199,Novyy Urengoy,RU,66.08,76.63,27.48,97,97,19.01,overcast clouds
200,Aykhal,RU,66.0,111.5,1.4,84,0,6.71,clear sky
201,Tuntum,BR,-5.26,-44.65,95.72,37,73,2.77,broken clouds
202,Derzhavinsk,KZ,51.1,66.32,37.22,75,71,4.09,broken clouds
203,Urengoy,RU,65.97,78.37,26.49,97,97,16.73,overcast clouds
204,Quatre Cocos,MU,-20.21,57.76,71.6,64,40,10.29,scattered clouds
205,Peshawar,PK,34.01,71.58,66.2,39,0,4.7,haze
206,Wuwei,CN,37.93,102.64,40.35,56,90,3.15,overcast clouds
207,Upernavik,GL,72.79,-56.15,17.19,95,100,3.22,overcast clouds
208,Morgantown,US,39.63,-79.96,53.6,76,40,9.17,light rain
209,Qaanaaq,GL,77.48,-69.36,0.95,74,0,7.23,clear sky
210,Sobolevo,RU,54.43,31.9,41.7,87,100,11.5,light rain
211,Balakhninskiy,RU,58.01,114.28,7.48,84,48,1.61,scattered clouds
212,Champerico,GT,14.3,-91.92,87.8,62,75,9.17,broken clouds
213,Ribeira Do Pombal,BR,-10.83,-38.54,89.87,43,84,0.65,light rain
214,Hasaki,JP,35.73,140.83,59.0,93,75,2.24,broken clouds
215,Yellowknife,CA,62.46,-114.35,17.01,92,90,5.82,light snow
216,Antofagasta,CL,-23.65,-70.4,68.0,67,20,16.11,few clouds
217,Shubarshi,KZ,48.59,57.19,48.45,49,75,4.54,broken clouds
218,Atasu,KZ,48.68,71.64,39.31,58,99,3.74,overcast clouds
219,Mogadishu,SO,2.04,45.34,80.13,79,27,11.18,light rain
220,Bambous Virieux,MU,-20.34,57.76,71.6,64,40,10.29,scattered clouds
221,Macon,US,39.87,-88.97,45.0,39,1,25.28,clear sky
222,Rafraf,TN,37.19,10.18,64.4,72,0,3.36,clear sky
223,Nikolskoye,RU,59.7,30.79,33.01,100,90,8.95,fog
224,Acajutla,SV,13.59,-89.83,87.8,45,20,6.93,few clouds
225,Kaitangata,NZ,-46.28,169.85,48.99,65,78,4.0,broken clouds
226,Juneau,US,58.3,-134.42,39.2,93,90,6.93,moderate rain
227,Nantucket,US,41.28,-70.1,57.99,93,90,5.82,overcast clouds
228,Rio Gallegos,AR,-51.62,-69.22,66.2,32,0,13.87,clear sky
229,Hatton,LK,6.89,80.6,64.09,100,93,1.34,overcast clouds
230,Moletai,LT,55.23,25.42,45.0,81,90,2.24,overcast clouds
231,Aktash,RU,50.3,87.73,17.94,80,0,3.71,clear sky
232,Nacala,MZ,-14.54,40.67,78.03,66,39,4.47,scattered clouds
233,San Juan Bautista,PE,-14.01,-75.74,64.99,82,90,8.05,overcast clouds
234,Moose Factory,CA,51.26,-80.61,32.0,97,90,25.28,overcast clouds
235,Dunedin,NZ,-45.87,170.5,48.99,63,100,15.99,overcast clouds
236,Whitefish,US,48.41,-114.34,42.8,60,1,1.63,clear sky
237,Hambantota,LK,6.12,81.12,79.63,83,14,9.46,few clouds
238,Northam,GB,51.03,-4.22,62.01,93,99,18.99,overcast clouds
239,Puerto Gaitan,CO,4.31,-72.08,74.73,89,99,11.39,heavy intensity rain
240,Laguna,US,38.42,-121.42,69.01,37,1,2.91,clear sky
241,Daru,PG,-9.08,143.21,80.71,82,100,12.53,overcast clouds
242,Namibe,AO,-15.2,12.15,73.33,71,19,8.84,few clouds
243,Gazli,UZ,40.13,63.45,54.0,33,65,9.42,broken clouds
244,Wasilla,US,61.58,-149.44,17.6,84,1,4.7,clear sky
245,Xuanhua,CN,40.61,115.04,38.37,62,26,8.55,scattered clouds
246,Sicamous,CA,50.83,-118.99,43.0,93,58,1.12,broken clouds
247,Safranbolu,TR,41.25,32.69,46.22,79,60,2.82,broken clouds
248,Mattru,SL,7.62,-11.83,79.34,88,42,4.74,scattered clouds
249,Kutum,SD,14.2,24.67,80.11,21,53,9.44,broken clouds
250,Hailun,CN,47.45,126.93,28.26,96,74,9.53,broken clouds
251,Luang Prabang,LA,19.89,102.13,73.22,82,42,0.38,scattered clouds
252,Bintulu,MY,3.17,113.03,75.2,94,20,5.82,few clouds
253,West Lafayette,US,40.43,-86.91,41.0,51,90,23.04,overcast clouds
254,Bam,IR,29.11,58.36,56.46,31,0,3.27,clear sky
255,Wagga Wagga,AU,-35.12,147.37,51.8,93,0,3.04,clear sky
256,Coquimbo,CL,-29.95,-71.34,60.8,67,20,12.75,few clouds
257,Velikiy Ustyug,RU,60.76,46.31,28.26,97,14,3.51,few clouds
258,Colac,AU,-38.33,143.58,51.01,83,67,4.18,broken clouds
259,Yulara,AU,-25.24,130.99,78.8,19,3,11.41,clear sky
260,Souillac,MU,-20.52,57.52,71.6,64,40,10.29,scattered clouds
261,Caravelas,BR,-17.71,-39.25,69.96,94,100,12.66,light rain
262,Nikolayevsk-Na-Amure,RU,53.14,140.73,37.71,91,89,2.51,overcast clouds
263,Cedar City,US,37.68,-113.06,51.8,18,1,3.36,clear sky
264,Victoria,HK,22.29,114.16,75.0,75,29,1.01,scattered clouds
265,Cockburn Town,TC,21.46,-71.14,86.0,62,75,11.41,broken clouds
266,Weinan,CN,34.5,109.51,53.01,87,0,2.24,clear sky
267,Marsh Harbour,BS,26.54,-77.06,81.36,79,5,12.28,clear sky
268,Suleja,NG,9.18,7.18,82.4,61,0,2.24,clear sky
269,Bayan,CN,46.08,127.4,33.01,59,7,10.4,clear sky
270,Coihueco,CL,-36.62,-71.83,71.6,56,0,4.7,clear sky
271,Lingao,CN,19.91,109.69,71.08,86,31,4.79,scattered clouds
272,Port-Gentil,GA,-0.72,8.78,80.6,88,40,11.41,scattered clouds
273,Dahanu,IN,19.97,72.73,79.3,66,0,4.68,clear sky
274,Berlevag,NO,70.86,29.09,37.4,86,0,19.46,light rain
275,Sioux Lookout,CA,50.1,-91.92,23.0,53,20,12.75,few clouds
276,Honolulu,US,21.31,-157.86,75.2,78,20,3.36,few clouds
277,Verkhnyaya Inta,RU,65.98,60.31,28.6,95,100,14.25,overcast clouds
278,Padang,ID,-0.95,100.35,79.02,71,100,2.06,overcast clouds
279,Wellington,NZ,-41.29,174.78,57.2,82,82,14.99,moderate rain
280,Keffi,NG,8.85,7.87,82.4,61,0,2.24,clear sky
281,Iqaluit,CA,63.75,-68.51,12.2,78,20,2.24,few clouds
282,Straumen,NO,63.87,11.3,54.0,54,75,27.51,light rain
283,Vrontados,GR,38.41,26.13,60.8,51,0,3.36,clear sky
284,Namatanai,PG,-3.67,152.43,80.04,81,70,5.39,light rain
285,Sarangani,PH,5.4,125.46,82.87,77,100,10.45,overcast clouds
286,Praya,CV,14.92,-23.51,84.2,48,40,11.41,scattered clouds
287,Rosarito,MX,32.33,-117.03,77.0,23,1,4.7,clear sky
288,Westport,US,41.14,-73.36,55.4,71,90,16.11,moderate rain
289,Flinders,AU,-34.58,150.86,60.01,84,43,1.99,scattered clouds
290,Isangel,VU,-19.55,169.27,75.27,83,9,14.03,clear sky
291,Celestun,MX,20.87,-90.4,80.38,76,47,19.28,scattered clouds
292,Coahuayana,MX,18.73,-103.68,92.48,48,27,3.62,scattered clouds
293,Collie,AU,-33.37,116.15,53.01,85,63,2.64,broken clouds
294,Nanortalik,GL,60.14,-45.24,30.13,88,45,24.43,scattered clouds
295,Manicore,BR,-5.81,-61.3,80.6,83,75,4.7,broken clouds
296,Mezen,RU,65.85,44.24,30.78,95,98,10.4,overcast clouds
297,Sorland,NO,67.67,12.69,48.2,81,0,20.8,clear sky
298,Udachnyy,RU,66.42,112.4,1.4,84,0,6.71,clear sky
299,Mapiripan,CO,2.89,-72.13,74.8,89,100,5.01,overcast clouds
300,Petrovsk-Zabaykalskiy,RU,51.27,108.84,12.81,91,61,4.81,broken clouds
301,Fort Nelson,CA,58.81,-122.7,15.8,78,75,9.17,broken clouds
302,General Pico,AR,-35.66,-63.76,80.92,25,3,10.69,clear sky
303,Boyolangu,ID,-8.12,111.89,75.9,86,97,1.68,moderate rain
304,Nuuk,GL,64.18,-51.72,24.8,79,100,2.24,light snow
305,Oktyabrskiy,RU,54.48,53.47,35.29,86,76,6.51,broken clouds
306,Airai,TL,-8.93,125.41,60.64,86,85,1.9,overcast clouds
307,Miri,MY,4.41,114.01,77.0,88,40,6.93,light rain
308,Bandar-E Lengeh,IR,26.56,54.88,77.0,78,0,6.91,clear sky
309,Evanston,US,42.04,-87.69,39.99,38,75,23.04,broken clouds
310,Byron Bay,AU,-28.65,153.62,60.8,93,18,5.82,few clouds
311,Lumsden,CA,50.65,-104.87,45.0,48,75,12.75,broken clouds
312,Churapcha,RU,62.0,132.43,-17.68,88,21,2.04,few clouds
313,Sao Jose Da Coroa Grande,BR,-8.9,-35.15,81.5,72,84,13.69,broken clouds
314,Saint George,US,37.1,-113.58,60.8,17,1,4.41,clear sky
315,Ileza,RU,61.05,43.9,27.34,98,0,3.74,clear sky
316,Susaki,JP,33.37,133.28,64.94,85,99,1.48,light rain
317,Savannah Bight,HN,16.45,-85.85,84.2,74,40,3.36,scattered clouds
318,Altay,CN,47.87,88.12,30.22,79,0,4.16,clear sky
319,Maragogi,BR,-9.01,-35.22,81.27,72,80,13.96,broken clouds
320,Dauphin,CA,51.15,-100.05,39.2,51,1,20.8,clear sky
321,Kampot,KH,10.62,104.18,77.0,94,20,3.0,few clouds
322,Marawi,PH,8.0,124.29,77.0,85,100,1.99,very heavy rain
323,Manaure,CO,11.78,-72.44,86.27,64,100,6.85,overcast clouds
324,Makhachkala,RU,42.98,47.5,60.8,82,75,3.29,broken clouds
325,Mnogovershinnyy,RU,53.94,139.92,31.37,100,97,0.85,overcast clouds
326,Sitka,US,57.05,-135.33,46.4,93,90,4.23,moderate rain
327,Alenquer,BR,-1.94,-54.74,93.2,49,20,6.93,few clouds
328,Sakaiminato,JP,35.55,133.23,60.8,93,75,3.36,broken clouds
329,Puerto Del Rosario,ES,28.5,-13.86,71.6,83,20,11.41,few clouds
330,Simbahan,PH,6.3,120.58,82.69,77,100,10.25,overcast clouds
331,Biak,ID,-0.91,122.88,77.56,74,97,5.57,overcast clouds
332,Chicama,PE,-7.84,-79.15,66.2,72,75,11.41,mist
333,Nyuksenitsa,RU,60.41,44.24,28.06,98,1,3.38,clear sky
334,Mariental,NA,-24.63,17.97,84.79,18,83,11.48,broken clouds
335,The Valley,AI,18.22,-63.06,86.0,66,20,19.46,few clouds
336,Black River,JM,18.03,-77.85,87.01,66,40,12.75,scattered clouds
337,Muisne,EC,0.6,-80.03,86.0,74,40,11.41,scattered clouds
338,Esperance,AU,-33.87,121.9,62.6,100,90,8.05,light rain
339,Kang,BW,-23.68,22.79,81.63,28,36,6.49,scattered clouds
340,Cloquet,US,46.72,-92.46,33.01,36,1,18.34,clear sky
341,Kavaratti,IN,10.57,72.64,82.24,70,0,4.21,clear sky
342,Qaqortoq,GL,60.72,-46.03,26.6,68,29,4.7,scattered clouds
343,Hervey Bay,AU,-25.3,152.85,71.01,93,50,3.0,scattered clouds
344,Palmer,US,42.16,-72.33,53.6,58,90,11.41,overcast clouds
345,Varna,BG,43.22,27.92,46.99,75,0,5.82,clear sky
346,Cabedelo,BR,-6.98,-34.83,86.0,66,40,11.41,scattered clouds
347,Banda Aceh,ID,5.56,95.32,79.66,79,96,9.19,overcast clouds
348,Kalamare,BW,-22.93,26.57,69.67,56,24,15.21,few clouds
349,Sant Pere De Ribes,ES,41.27,1.77,64.0,86,20,5.59,few clouds
350,Tipuani,BO,-15.56,-68.02,90.5,27,28,3.58,scattered clouds
351,Kanniyakumari,IN,8.08,77.57,80.58,75,36,8.46,scattered clouds
352,Dormidontovka,RU,47.77,134.91,34.9,87,52,7.43,broken clouds
353,Saint Simons,US,31.14,-81.39,73.4,94,90,10.29,overcast clouds
354,Pathein,MM,16.78,94.73,76.05,93,56,2.89,broken clouds
355,Hounde,BF,11.5,-3.52,86.95,24,0,5.35,clear sky
356,Santa Fe,AR,-31.63,-60.7,82.99,28,0,4.0,clear sky
357,Neuquen,AR,-38.95,-68.06,89.6,19,0,4.7,clear sky
358,Kamenka,RU,51.32,42.77,43.74,74,46,9.44,scattered clouds
359,Potchefstroom,ZA,-26.72,27.1,57.06,87,100,5.91,moderate rain
360,Calabozo,VE,8.92,-67.43,84.16,79,89,4.59,light rain
361,Grindavik,IS,63.84,-22.43,39.2,80,75,8.05,broken clouds
362,Kailua,US,21.4,-157.74,75.2,88,20,3.4,few clouds
363,Ormara,PK,25.21,64.64,76.35,41,0,8.37,clear sky
364,Torres,BR,-29.34,-49.73,67.71,59,39,9.04,scattered clouds
365,Talnakh,RU,69.49,88.4,21.2,92,75,20.13,light snow
366,Joao Camara,BR,-5.54,-35.82,84.2,66,40,16.11,scattered clouds
367,Camapua,BR,-19.53,-54.04,84.22,42,0,9.91,clear sky
368,Porto Belo,BR,-27.16,-48.55,73.0,53,40,13.87,scattered clouds
369,Longhua,CN,23.61,114.19,67.59,75,3,2.64,clear sky
370,Sabha,LY,27.04,14.43,66.56,45,0,7.4,clear sky
371,Lufilufi,WS,-13.87,-171.6,77.0,94,40,18.75,scattered clouds
372,Half Moon Bay,US,37.46,-122.43,70.0,72,5,3.62,clear sky
373,Tarpon Springs,US,28.15,-82.76,84.99,74,15,4.83,light rain
374,Caibarien,CU,22.52,-79.47,87.8,62,40,14.99,scattered clouds
375,Omsukchan,RU,62.53,155.8,11.12,92,40,6.08,scattered clouds
376,Rocha,UY,-34.48,-54.33,66.18,50,0,9.75,clear sky
377,Kloulklubed,PW,7.04,134.26,75.2,100,75,3.36,broken clouds
378,Pacific Grove,US,36.62,-121.92,66.99,42,1,6.64,clear sky
379,Abu Samrah,SY,35.3,37.18,64.36,56,62,3.38,broken clouds
380,Bhusawal,IN,21.05,75.77,73.67,36,0,3.51,clear sky
381,Blagoyevo,RU,63.37,47.92,30.52,93,64,7.09,broken clouds
382,Trincomalee,LK,8.57,81.23,82.0,72,69,6.98,broken clouds
383,Jinxi,CN,30.43,116.29,59.95,84,100,2.64,light rain
384,Neftcala,AZ,39.37,49.25,64.9,86,1,8.72,clear sky
385,Pisco,PE,-13.7,-76.22,64.99,82,90,8.05,overcast clouds
386,Ken Caryl,US,39.58,-105.12,69.01,13,0,1.99,clear sky
387,Asau,RO,46.43,26.4,48.2,76,75,12.75,broken clouds
388,Noshiro,JP,40.2,140.02,56.28,79,100,13.27,light rain
389,Bedele,ET,8.46,36.35,55.83,96,69,2.39,broken clouds
390,Svarstad,NO,59.4,9.97,50.0,1,98,5.01,light rain
391,Samarai,PG,-10.62,150.67,81.09,83,24,7.36,few clouds
392,Bunia,CD,1.57,30.25,64.83,89,94,3.91,light rain
393,Awbari,LY,26.59,12.78,65.79,48,0,8.48,clear sky
394,Pangkalanbuun,ID,-2.68,111.62,74.88,95,100,2.51,moderate rain
395,Upata,VE,8.01,-62.4,93.0,55,44,1.99,light rain
396,Tikaitnagar,IN,26.95,81.58,72.03,34,0,5.66,clear sky
397,Wajima,JP,37.4,136.9,64.94,72,100,21.18,light rain
398,Liverpool,GB,53.41,-2.98,61.0,93,40,17.22,light intensity shower rain
399,Tautira,PF,-17.73,-149.15,82.4,69,40,8.05,shower rain
400,Yerbogachen,RU,61.28,108.01,5.4,93,0,6.98,clear sky
401,Aksay,RU,47.26,39.87,57.2,100,75,13.42,light intensity shower rain
402,Madang,PG,-5.22,145.8,76.95,88,24,3.36,light rain
403,Camana,PE,-16.62,-72.71,69.1,67,70,7.65,broken clouds
404,Moyale,KE,3.52,39.06,69.8,78,91,3.91,overcast clouds
405,Khorramshahr,IR,30.44,48.17,78.8,26,0,4.7,clear sky
406,Zeya,RU,53.75,127.27,21.24,88,100,10.29,overcast clouds
407,Batagay-Alyta,RU,67.8,130.41,-7.6,87,92,1.9,overcast clouds
408,Florianopolis,BR,-27.61,-48.5,73.0,46,40,16.11,scattered clouds
409,Savinskiy,RU,62.93,40.14,28.24,97,0,5.95,clear sky
410,Sungaipenuh,ID,-2.08,101.38,64.74,91,100,0.67,overcast clouds
411,Isla Mujeres,MX,21.23,-86.73,82.4,74,75,21.92,broken clouds
412,Soltsy,RU,58.12,30.32,36.81,89,0,4.52,clear sky
413,Santa Isabel Do Rio Negro,BR,-0.41,-65.02,77.54,78,100,3.62,overcast clouds
414,Sosua,DO,19.77,-70.52,87.8,70,40,16.11,scattered clouds
415,Vao,NC,-22.67,167.48,74.05,85,55,18.72,broken clouds
416,Aliwal North,ZA,-30.69,26.71,61.79,60,62,6.35,broken clouds
417,Bogorodskoye,RU,56.55,37.88,39.49,87,100,9.57,overcast clouds
418,Khrebtovaya,RU,56.7,104.25,12.36,88,0,4.56,clear sky
419,Princeton,US,25.54,-80.41,87.8,70,75,10.29,broken clouds
420,Banff,CA,51.18,-115.57,48.2,51,99,12.75,overcast clouds
421,Libertador General San Martin,AR,-23.81,-64.79,91.0,20,3,1.01,clear sky
422,Homer,US,59.64,-151.55,24.01,53,1,9.17,clear sky
423,Honiara,SB,-9.43,159.95,73.4,100,20,5.37,few clouds
424,Penzance,GB,50.12,-5.54,59.0,100,100,28.86,overcast clouds
425,Alakurtti,RU,66.97,30.35,39.0,96,100,5.99,overcast clouds
426,Nova Olimpia,BR,-14.8,-57.29,90.46,41,26,6.8,scattered clouds
427,Aojiang,CN,22.94,116.04,69.01,87,55,6.22,broken clouds
428,Mednogorsk,RU,51.41,57.59,41.05,66,3,10.16,clear sky
429,Lynchburg,US,37.41,-79.14,60.8,72,40,9.17,scattered clouds
430,Vila Velha,BR,-20.33,-40.29,75.2,69,75,12.75,broken clouds
431,Fare,PF,-16.7,-151.02,80.53,77,56,22.86,light rain
432,Port Lincoln,AU,-34.73,135.87,62.44,68,76,10.42,broken clouds
433,Kizukuri,JP,40.81,140.39,55.99,80,100,3.0,moderate rain
434,Iskateley,RU,67.68,53.15,28.6,97,97,15.88,overcast clouds
435,Ewa Beach,US,21.32,-158.01,73.4,78,1,3.36,clear sky
436,Atherton,GB,53.52,-2.49,57.0,89,95,4.0,heavy intensity rain
437,Los Llanos De Aridane,ES,28.66,-17.92,80.6,26,0,8.05,clear sky
438,Kamina,CD,-8.74,24.99,68.0,84,32,4.14,scattered clouds
439,Gibara,CU,21.11,-76.13,87.8,62,75,14.99,broken clouds
440,Nizhniy Tsasuchey,RU,50.52,115.13,19.58,91,91,11.97,overcast clouds
441,Leh,IN,34.17,77.58,31.96,65,51,3.44,broken clouds
442,Atbasar,KZ,51.8,68.33,37.36,78,100,5.35,overcast clouds
443,Birecik,TR,37.03,37.99,57.2,47,75,2.59,broken clouds
444,Mango,US,27.98,-82.31,86.0,62,40,4.7,scattered clouds
445,Kabalo,CD,-6.05,26.92,73.85,77,77,1.95,broken clouds
446,Reconquista,AR,-29.15,-59.65,78.75,39,0,8.19,clear sky
447,San Roque,ES,36.21,-5.38,64.4,88,0,3.36,clear sky
448,Vanimo,PG,-2.67,141.3,78.82,82,84,5.14,light rain
449,Belousovka,KZ,50.13,82.52,28.4,92,0,3.74,clear sky
450,Berkovica,BA,44.62,18.43,48.2,81,0,3.36,light rain
451,Sembakung,ID,3.82,117.25,72.91,97,100,2.46,light rain
452,Chandler,US,33.31,-111.84,90.0,17,1,9.17,clear sky
453,Carballo,ES,43.21,-8.69,66.2,82,75,12.75,broken clouds
454,Sola,VU,-13.88,167.55,82.4,78,75,11.41,broken clouds
455,Haines Junction,CA,60.75,-137.51,10.4,72,100,5.82,overcast clouds
456,Vostok,RU,46.49,135.88,29.95,99,98,2.8,overcast clouds
457,Broome,US,42.25,-75.83,46.99,93,90,13.87,overcast clouds
458,Mus,TR,39.0,41.75,48.38,46,78,2.89,broken clouds
459,Yuxia,CN,34.06,108.63,53.01,87,0,2.24,clear sky
460,Samagaltay,RU,50.6,95.0,21.07,88,7,1.59,clear sky
461,Camacha,PT,33.08,-16.33,69.8,83,20,4.7,few clouds
462,Alihe,CN,50.57,123.72,17.1,89,100,11.39,overcast clouds
463,Saint-Pierre,RE,-21.34,55.48,68.0,68,40,6.93,scattered clouds
464,Wajid,SO,3.81,43.25,78.57,71,20,10.45,light rain
465,Garden City,US,42.33,-83.33,39.99,48,75,25.28,broken clouds
466,Masindi,UG,1.67,31.71,66.83,90,100,3.36,overcast clouds
467,Honningsvag,NO,70.98,25.97,39.2,86,40,18.34,light rain
468,Mamontovo,RU,52.71,81.62,32.22,95,7,10.07,clear sky
469,Pekalongan,ID,-6.89,109.68,51.01,10,100,4.79,light rain
470,Kushikino,JP,31.72,130.27,67.12,87,100,4.16,light rain
471,Necochea,AR,-38.55,-58.74,70.97,43,27,6.42,scattered clouds
472,Taybad,IR,34.74,60.78,52.72,41,0,3.8,clear sky
473,Liwale,TZ,-9.77,37.93,76.28,60,69,6.38,broken clouds
474,Adrar,MR,20.5,-10.07,85.46,14,98,9.06,overcast clouds
475,Seymchan,RU,62.88,152.43,7.59,93,93,0.87,overcast clouds
476,Maniitsoq,GL,65.42,-52.9,22.93,96,100,7.05,overcast clouds
477,Lodja,CD,-3.48,23.43,72.25,89,53,1.05,broken clouds
478,Kaeo,NZ,-35.1,173.78,59.0,96,62,0.76,broken clouds
479,Yaan,NG,7.38,8.57,82.06,62,83,4.16,broken clouds
480,Bonthe,SL,7.53,-12.51,81.82,75,49,7.81,scattered clouds
481,Antalya,TR,36.77,30.72,69.8,35,0,10.29,clear sky
482,Anloga,GH,5.79,0.9,82.4,83,40,11.41,scattered clouds
483,Camopi,GF,3.17,-52.32,90.48,53,51,5.41,moderate rain
484,Portland,US,45.52,-122.68,59.0,66,0,4.07,clear sky
485,Goleta,TN,36.82,10.3,62.6,77,20,2.24,few clouds
486,Tura,IN,25.52,90.22,70.38,96,51,2.91,broken clouds
487,Tazovskiy,RU,67.47,78.7,22.66,98,98,16.24,overcast clouds
488,Bahia Blanca,AR,-38.72,-62.27,82.47,17,43,7.47,scattered clouds
489,Cam Ranh,VN,11.92,109.16,80.6,78,40,13.87,scattered clouds
490,Abeche,TD,13.83,20.83,81.59,28,39,9.51,scattered clouds
491,Soyo,AO,-6.13,12.37,78.78,84,70,9.46,broken clouds
492,Zhuanghe,CN,39.7,122.99,41.0,49,0,4.38,clear sky
493,Shevchenkove,UA,49.7,37.17,50.0,81,90,8.95,light rain
494,Touros,BR,-5.2,-35.46,84.2,66,40,16.11,scattered clouds
495,North Bend,US,43.41,-124.22,55.99,76,1,8.05,clear sky
496,Urkut,HU,47.09,17.64,54.0,100,75,2.24,light rain
497,Clyde River,CA,70.47,-68.59,10.4,85,90,10.29,mist
498,Kahului,US,20.89,-156.47,78.8,69,20,3.65,few clouds
499,Jalu,LY,29.03,21.55,67.93,46,0,6.71,clear sky
500,Kitimat,CA,54.05,-128.65,50.0,96,100,3.0,light rain
501,Leshan,CN,29.56,103.76,60.82,58,95,1.23,overcast clouds
502,Barcelos,PT,41.54,-8.62,64.4,93,90,11.41,light intensity drizzle
503,Vila Franca Do Campo,PT,37.72,-25.43,69.8,94,40,16.11,scattered clouds
504,Zhob,PK,31.34,69.45,51.57,27,0,2.42,clear sky
505,Zhangye,CN,38.93,100.45,37.87,63,33,4.45,scattered clouds
506,Tieling,CN,42.29,123.84,34.86,71,0,3.89,clear sky
507,Kosonsoy,UZ,41.26,71.55,48.2,36,63,4.7,mist
508,Sinegorye,RU,62.08,150.48,14.23,92,100,1.41,overcast clouds
509,Ixtapa,MX,20.7,-105.2,86.0,78,1,5.99,clear sky
510,Davila,PH,18.47,120.58,80.6,83,90,14.99,overcast clouds
511,Conakry,GN,9.54,-13.68,87.8,74,40,11.41,scattered clouds
512,Kulhudhuffushi,MV,6.62,73.07,82.71,71,32,6.62,scattered clouds
513,Lopatino,RU,52.62,45.81,44.17,86,100,9.89,light rain
514,Campo Verde,BR,-20.42,-54.07,82.4,42,40,11.41,scattered clouds
515,Kismayo,SO,-0.36,42.55,79.88,80,20,14.47,few clouds
516,Vachi,RU,42.07,47.22,50.05,46,22,8.14,few clouds
517,Miramar,US,25.99,-80.23,88.0,74,75,12.75,broken clouds
518,Saint Anthony,US,45.02,-93.22,36.0,43,1,11.41,clear sky
519,Loanda,AO,-8.84,13.23,78.8,83,75,9.17,broken clouds
520,Biltine,TD,14.53,20.92,83.84,25,79,5.48,broken clouds
521,Slave Lake,CA,55.28,-114.77,51.8,53,1,25.28,clear sky
522,Marathon,US,44.9,-89.77,33.8,43,90,23.04,overcast clouds
523,Fairbanks,US,64.84,-147.72,-0.99,75,1,0.74,clear sky
524,Aklavik,CA,68.22,-135.01,15.8,72,90,5.82,overcast clouds
525,Sohna,IN,28.25,77.07,66.2,63,0,5.73,smoke
526,Comarapa,BO,-17.9,-64.48,75.42,32,29,4.03,scattered clouds
527,San Patricio,US,28.02,-97.52,82.0,44,20,9.17,few clouds
528,Rimbey,CA,52.63,-114.24,50.0,56,86,2.24,overcast clouds
529,Kolobrzeg,PL,54.18,15.58,51.01,98,73,14.38,broken clouds
530,Charters Towers,AU,-20.1,146.27,70.63,80,55,8.12,broken clouds
531,Monte Alegre,BR,-2.01,-54.07,97.11,32,51,5.64,broken clouds
532,Saint-Joseph,RE,-21.37,55.62,68.0,68,40,6.93,scattered clouds
533,Bejar,ES,40.39,-5.76,59.0,86,90,2.62,overcast clouds
534,Poum,NC,-20.23,164.02,76.57,78,0,17.9,clear sky
535,Sidi Ali,DZ,36.1,0.42,64.2,67,0,4.21,clear sky
536,Bilma,NE,18.69,12.92,74.82,22,0,5.99,clear sky
537,Ostrovnoy,RU,68.05,39.51,35.42,90,65,16.13,broken clouds
538,Nome,US,64.5,-165.41,12.2,85,20,3.36,few clouds
539,Ushtobe,KZ,45.25,77.98,40.68,66,65,3.22,broken clouds
540,Muravlenko,RU,63.79,74.52,25.41,98,51,17.25,broken clouds
541,Belmonte,BR,-15.86,-38.88,69.8,88,90,8.05,shower rain
542,Nemuro,JP,43.32,145.57,56.7,82,100,22.62,overcast clouds
543,Ikalamavony,MG,-21.15,46.58,68.0,69,55,6.2,broken clouds
544,Tual,ID,-5.67,132.75,83.68,77,81,17.13,broken clouds
545,Alice Springs,AU,-23.7,133.88,71.6,21,0,8.05,clear sky
546,Port Victoria,KE,0.09,33.98,74.43,71,70,2.55,light rain
547,Huarmey,PE,-10.07,-78.15,69.22,63,51,10.6,broken clouds
548,Copiapo,CL,-27.37,-70.33,64.4,55,0,13.87,clear sky
549,Kenai,US,60.55,-151.26,25.0,45,1,18.34,clear sky
550,Yining,CN,29.04,114.56,57.2,83,100,0.67,overcast clouds
551,Takoradi,GH,4.88,-1.76,79.36,86,72,8.01,light rain
552,Opoczno,PL,51.38,20.28,46.0,10,55,55.99,broken clouds
553,Aquiraz,BR,-3.9,-38.39,86.0,66,40,18.34,scattered clouds
554,Kudahuvadhoo,MV,2.67,72.89,82.92,73,55,6.46,broken clouds
555,Margate,GB,51.38,1.39,62.01,94,79,7.0,light rain
556,Dwarka,IN,22.24,68.97,82.54,50,22,9.57,few clouds
557,Hun,LY,29.13,15.95,64.8,51,30,8.81,scattered clouds
558,Solnechnyy,RU,50.72,136.63,32.18,95,72,4.85,broken clouds
559,Labrea,BR,-7.26,-64.8,91.8,49,100,2.48,overcast clouds
560,Galle,LK,6.04,80.22,79.47,79,14,6.44,few clouds
561,Berga,NO,60.39,5.33,48.99,93,75,29.97,broken clouds
562,Illapel,CL,-31.63,-71.17,77.61,28,0,9.51,clear sky
563,Baykit,RU,61.67,96.37,17.58,94,100,5.23,light snow
564,Thinadhoo,MV,0.53,72.93,83.7,74,62,10.65,broken clouds
565,Kochki,RU,54.34,80.48,35.91,87,95,12.95,overcast clouds
566,Misratah,LY,32.38,15.09,71.06,57,0,8.75,clear sky
567,Esso,RU,55.93,158.7,21.9,93,53,3.27,broken clouds
568,Lorengau,PG,-2.02,147.27,82.62,74,13,6.55,moderate rain
569,Lazaro Cardenas,MX,17.96,-102.2,88.47,54,33,2.8,scattered clouds
570,Cayenne,GF,4.93,-52.33,82.4,69,95,14.99,light rain
571,Mount Gambier,AU,-37.83,140.77,46.4,93,75,5.82,mist
572,Faya,SA,18.39,42.45,66.2,88,0,4.18,clear sky
573,Basco,PH,20.45,121.97,80.33,80,100,29.01,overcast clouds
574,Kaabong,UG,3.48,34.15,71.94,50,66,12.82,broken clouds
575,Upington,ZA,-28.45,21.26,82.4,21,0,3.36,clear sky
576,Seagoville,US,32.64,-96.54,72.0,28,1,13.87,clear sky
577,Jumla,NP,29.27,82.18,46.81,59,0,5.44,clear sky
578,Taltal,CL,-25.4,-70.48,66.42,53,30,9.31,scattered clouds
579,Cap-Aux-Meules,CA,47.38,-61.86,44.6,56,3,18.34,clear sky
580,Chitral,PK,35.85,71.79,53.33,32,0,5.01,clear sky
581,Meulaboh,ID,4.14,96.13,76.98,87,98,3.24,light rain
582,Vanino,RU,49.09,140.25,38.39,82,83,2.71,broken clouds
583,Guhagar,IN,17.48,73.19,77.95,72,11,4.72,few clouds
584,La Plata,AR,-34.92,-57.95,73.99,32,2,3.0,clear sky
585,Finschhafen,PG,-6.6,147.87,79.84,76,6,7.16,light rain
586,Smirnykh,RU,49.75,142.83,40.37,95,99,3.27,light rain
587,Hirara,JP,24.8,125.28,76.53,72,0,16.28,clear sky
588,Agadez,NE,19.75,10.25,73.13,24,64,8.16,broken clouds
589,Flin Flon,CA,54.77,-101.86,28.4,79,75,11.41,broken clouds
590,Pimentel,PE,-6.84,-79.93,71.6,64,0,17.22,clear sky
591,Srednekolymsk,RU,67.45,153.68,-4.02,92,83,7.99,broken clouds
592,Kabrai,IN,25.42,80.02,72.61,20,22,4.72,few clouds
593,Gizo,SB,-8.1,156.84,82.89,76,51,7.67,light rain
594,Pirovskoye,RU,57.63,92.27,33.67,92,100,11.18,overcast clouds
595,Dalbandin,PK,28.89,64.41,53.46,29,0,4.14,clear sky
596,Vila,PT,42.03,-8.16,62.01,93,100,5.99,overcast clouds
597,Sa Kaeo,TH,13.75,102.33,75.76,91,89,5.01,overcast clouds
598,Sistranda,NO,63.73,8.83,53.6,58,75,26.4,light intensity drizzle
599,Lafiagi,NG,8.87,5.42,83.07,40,7,1.43,clear sky
600,Mahajanga,MG,-15.72,46.32,80.6,61,20,9.17,few clouds
601,Beyneu,KZ,45.32,55.2,53.49,38,90,13.82,overcast clouds
602,Pyshma,RU,56.95,63.25,29.75,96,0,4.92,clear sky
603,Havelock,US,34.88,-76.9,75.2,69,40,14.99,scattered clouds
604,Brodina,RO,47.88,25.42,41.0,87,0,3.15,clear sky
605,Whitehorse,CA,60.72,-135.05,7.0,77,90,8.05,light snow
606,Kungurtug,RU,50.6,97.52,19.85,87,0,1.95,clear sky
607,Gat,IL,31.61,34.76,75.99,68,49,7.7,light rain
608,Asosa,ET,10.07,34.53,62.8,96,35,2.53,moderate rain
609,Gerede,TR,40.8,32.2,33.93,94,38,2.71,scattered clouds
610,La Macarena,CO,2.18,-73.78,74.86,94,100,4.27,light rain
611,Mount Prospect,US,42.07,-87.94,39.99,38,90,23.04,overcast clouds
612,Yumen,CN,40.28,97.2,30.27,88,0,3.09,clear sky
613,Roanoke Rapids,US,36.46,-77.65,59.0,100,90,5.82,overcast clouds
614,Svetlogorsk,BY,52.63,29.73,44.2,85,98,9.53,overcast clouds
615,Hanzhong,CN,33.07,107.03,51.69,46,84,0.98,broken clouds
616,Vitim,RU,59.45,112.56,-0.81,90,0,3.62,clear sky
617,Gilgit,PK,35.92,74.31,54.3,34,0,3.4,clear sky
618,Zhigansk,RU,66.77,123.37,-2.65,92,98,16.26,overcast clouds
619,Bereda,ES,43.27,-7.54,64.99,93,100,14.0,overcast clouds
620,Andenes,NO,69.31,16.12,46.4,70,100,13.87,overcast clouds
621,San Blas,MX,21.52,-105.27,89.29,52,9,5.55,clear sky
622,Xingtai,CN,37.06,114.49,53.67,36,0,9.35,clear sky
623,Grand Gaube,MU,-20.01,57.66,66.99,69,9,1.99,clear sky
624,Okhotsk,RU,59.38,143.3,18.41,87,100,15.48,overcast clouds
625,La Ronge,CA,55.1,-105.28,37.4,69,100,6.93,overcast clouds
626,Bentonville,US,36.37,-94.21,55.99,28,1,14.99,clear sky
627,Ahuimanu,US,21.44,-157.84,75.2,88,20,2.93,few clouds
628,Havoysund,NO,71.0,24.66,39.2,86,40,18.34,scattered clouds
629,Kuopio,FI,62.89,27.68,41.0,86,90,13.87,overcast clouds
630,Whitianga,NZ,-36.83,175.7,55.99,97,85,2.59,overcast clouds
631,Pangnirtung,CA,66.15,-65.71,15.8,72,75,6.93,shower rain
632,Winsum,NL,53.33,6.52,60.01,82,75,23.04,light rain
633,Roald,NO,62.58,6.13,53.6,54,0,12.75,light rain
634,Kati,ML,12.74,-8.07,89.6,25,0,8.05,clear sky
635,Domoni,KM,-12.26,44.53,76.1,77,98,3.6,overcast clouds
636,Puerto Carreno,CO,6.19,-67.49,79.93,82,100,8.52,overcast clouds
637,Iquique,CL,-20.22,-70.14,66.2,63,0,11.41,clear sky
638,Pangai,TO,-19.8,-174.35,77.0,83,75,17.22,broken clouds
639,Lagoa,PT,39.05,-27.98,64.63,80,90,21.94,light rain
640,Along,IN,28.17,94.77,65.32,85,36,1.61,scattered clouds
641,Teya,RU,60.38,92.63,34.39,90,100,12.33,overcast clouds
642,Houston,US,29.76,-95.36,77.0,40,1,9.17,clear sky
643,Sao Miguel Do Araguaia,BR,-13.28,-50.16,86.09,56,87,6.31,overcast clouds
644,Kalamazoo,US,42.25,-85.55,34.0,64,90,21.92,overcast clouds
645,La Sarre,CA,48.8,-79.2,36.84,98,100,8.7,light rain
646,Christchurch,NZ,-43.53,172.63,54.0,76,100,8.05,overcast clouds
647,Sao Gabriel,BR,-30.34,-54.32,74.1,44,0,8.21,clear sky
648,Baneh,IR,36.0,45.89,44.74,58,0,2.73,clear sky
649,Mindelo,CV,16.89,-24.98,80.6,65,75,18.34,broken clouds
650,Poyarkovo,RU,49.6,128.68,27.07,97,100,9.01,light snow
651,Pedernales,DO,18.04,-71.74,87.8,66,40,18.34,scattered clouds
652,Bitung,ID,1.45,125.18,75.2,88,20,1.12,few clouds
653,Bulls,NZ,-40.17,175.38,54.0,87,92,1.01,moderate rain
654,Burgersdorp,ZA,-31.0,26.33,60.17,62,45,12.88,scattered clouds
655,Beloha,MG,-25.17,45.05,67.62,77,0,17.31,clear sky
656,Ostersund,SE,63.18,14.64,46.4,93,90,21.92,overcast clouds
657,Akyab,MM,20.15,92.9,77.86,87,98,7.94,light rain
658,Plettenberg Bay,ZA,-34.05,23.37,64.78,83,0,13.69,clear sky
659,Raudeberg,NO,61.99,5.14,50.0,78,100,24.65,light rain
660,Gitarama,RW,-2.07,29.76,64.4,93,75,8.05,broken clouds
661,Harnosand,SE,62.63,17.94,46.4,100,90,23.04,light rain
662,Chegdomyn,RU,51.12,133.02,30.11,96,100,2.19,overcast clouds
663,Dandong,CN,40.13,124.39,38.98,63,0,2.77,clear sky
664,Chenzhou,CN,25.8,113.03,60.1,90,100,5.01,light rain
665,Kyren,RU,51.68,102.14,18.32,84,2,1.59,clear sky
666,Awjilah,LY,29.11,21.29,67.6,48,0,5.97,clear sky
667,Ngunguru,NZ,-35.62,174.5,59.0,96,60,2.53,broken clouds
668,San Juan,AR,-31.54,-68.54,87.53,13,0,6.6,clear sky
669,Khandyga,RU,62.67,135.6,-11.61,87,1,1.72,clear sky
670,Nachingwea,TZ,-10.38,38.77,75.36,72,74,7.99,broken clouds
671,Tashtagol,RU,52.77,87.89,26.67,95,78,2.08,broken clouds
672,Manta,EC,-0.95,-80.73,86.0,58,40,12.75,scattered clouds
673,Lima,PE,-12.04,-77.03,66.2,77,75,9.17,broken clouds
674,Olafsvik,IS,64.89,-23.71,37.9,78,60,12.01,broken clouds
675,Dakar,SN,14.69,-17.44,86.0,58,0,4.7,clear sky
676,Fort Frances,CA,48.6,-93.4,28.4,50,1,13.87,clear sky
677,Inta,RU,66.03,60.17,29.19,95,100,14.09,overcast clouds
678,Lieksa,FI,63.32,30.02,39.69,87,97,12.19,overcast clouds
679,Varzelandia,BR,-15.7,-44.03,74.43,85,93,2.3,moderate rain
680,Mangrol,IN,21.12,70.12,80.17,39,9,12.84,clear sky
681,Qandala,SO,11.47,49.87,79.3,67,21,7.94,few clouds
682,Magdagachi,RU,53.45,125.8,16.59,92,100,10.38,overcast clouds
683,Puerto Baquerizo Moreno,EC,-0.9,-89.6,73.4,83,75,9.17,broken clouds
684,Semporna,MY,4.48,118.61,75.2,94,40,10.98,scattered clouds
685,Kidal,ML,18.44,1.41,82.8,16,77,11.7,broken clouds
686,Cap Malheureux,MU,-19.98,57.61,66.99,69,11,1.99,few clouds
687,Lebanon,US,36.21,-86.29,60.8,44,1,16.11,clear sky
688,Duldurga,RU,50.68,113.59,18.03,89,9,9.75,clear sky
689,Sergeyevka,KZ,53.88,67.42,34.81,88,83,8.1,broken clouds
690,Lumeje,AO,-11.55,20.78,74.32,51,57,1.41,broken clouds
691,Baruun-Urt,MN,46.68,113.28,16.16,81,1,9.15,clear sky
692,Pahrump,US,36.21,-115.98,75.99,12,94,1.01,overcast clouds
693,Port Moresby,PG,-9.44,147.18,77.0,94,75,11.41,broken clouds
694,Kribi,CM,2.95,9.92,79.36,81,95,5.17,overcast clouds
695,Ozinki,RU,51.18,49.68,46.51,63,97,9.93,overcast clouds
